1,Peter,23,peter@gmail.com,123,1200
2,Bence,33,bence@gmail.com,asd,1500
3,Anna,21,anna@gmail.com,rte,2300
4,Balazs,26,balazs@gmail.com,hgf,1900
5,Iosif,44,iosif@gmail.com,123456,2230
7,Gizella,23,gizell@gmail.com,qqq,3200
8,Oscar,12,oscar@gmail.com,rty,1000
10,Geri,45,geri@gmial.com,123,4500
